kind,config_id,input_rel,mace_output_rel,final_energy_eV,slab_id,label
bare_slab,mp-1184054_h100_t0,slabs_fixed/mp-1184054_h100_t0.vasp,mace_runs/bare_slabs/mp-1184054_h100_t0,-650.7646484375,,
bare_slab,mp-1184054_h110_t0,slabs_fixed/mp-1184054_h110_t0.vasp,mace_runs/bare_slabs/mp-1184054_h110_t0,-360.6070861816406,,
bare_slab,mp-1184054_h110_t1,slabs_fixed/mp-1184054_h110_t1.vasp,mace_runs/bare_slabs/mp-1184054_h110_t1,-360.8217468261719,,
bare_slab,mp-1184054_h111_t0,slabs_fixed/mp-1184054_h111_t0.vasp,mace_runs/bare_slabs/mp-1184054_h111_t0,-936.176513671875,,
bare_slab,mp-1184054_h111_t1,slabs_fixed/mp-1184054_h111_t1.vasp,mace_runs/bare_slabs/mp-1184054_h111_t1,-935.781982421875,,
bare_slab,mp-1186117_h100_t0,slabs_fixed/mp-1186117_h100_t0.vasp,mace_runs/bare_slabs/mp-1186117_h100_t0,-325.1659240722656,,
bare_slab,mp-1186117_h100_t1,slabs_fixed/mp-1186117_h100_t1.vasp,mace_runs/bare_slabs/mp-1186117_h100_t1,-322.5931091308594,,
bare_slab,mp-1186117_h110_t0,slabs_fixed/mp-1186117_h110_t0.vasp,mace_runs/bare_slabs/mp-1186117_h110_t0,-413.2362365722656,,
bare_slab,mp-1186117_h110_t1,slabs_fixed/mp-1186117_h110_t1.vasp,mace_runs/bare_slabs/mp-1186117_h110_t1,-412.6534118652344,,
bare_slab,mp-1186117_h111_t0,slabs_fixed/mp-1186117_h111_t0.vasp,mace_runs/bare_slabs/mp-1186117_h111_t0,-559.1781616210938,,
bare_slab,mp-12086_h100_t0,slabs_fixed/mp-12086_h100_t0.vasp,mace_runs/bare_slabs/mp-12086_h100_t0,-258.4350280761719,,
bare_slab,mp-12086_h100_t1,slabs_fixed/mp-12086_h100_t1.vasp,mace_runs/bare_slabs/mp-12086_h100_t1,-249.53955078125,,
bare_slab,mp-12086_h110_t0,slabs_fixed/mp-12086_h110_t0.vasp,mace_runs/bare_slabs/mp-12086_h110_t0,-327.6285400390625,,
bare_slab,mp-12086_h110_t1,slabs_fixed/mp-12086_h110_t1.vasp,mace_runs/bare_slabs/mp-12086_h110_t1,-320.7094421386719,,
bare_slab,mp-12086_h111_t0,slabs_fixed/mp-12086_h111_t0.vasp,mace_runs/bare_slabs/mp-12086_h111_t0,-438.11614990234375,,
bare_slab,mp-1225687_h100_t0,slabs_fixed/mp-1225687_h100_t0.vasp,mace_runs/bare_slabs/mp-1225687_h100_t0,-677.5707397460938,,
bare_slab,mp-1225687_h110_t0,slabs_fixed/mp-1225687_h110_t0.vasp,mace_runs/bare_slabs/mp-1225687_h110_t0,-374.89495849609375,,
bare_slab,mp-1225687_h111_t0,slabs_fixed/mp-1225687_h111_t0.vasp,mace_runs/bare_slabs/mp-1225687_h111_t0,-1106.4576416015625,,
bare_slab,mp-1225687_h111_t1,slabs_fixed/mp-1225687_h111_t1.vasp,mace_runs/bare_slabs/mp-1225687_h111_t1,-1102.604736328125,,
bare_slab,mp-12608_h110_t0,slabs_fixed/mp-12608_h110_t0.vasp,mace_runs/bare_slabs/mp-12608_h110_t0,-990.6047973632812,,
bare_slab,mp-12608_h110_t1,slabs_fixed/mp-12608_h110_t1.vasp,mace_runs/bare_slabs/mp-12608_h110_t1,-987.6514282226562,,
bare_slab,mp-12798_h100_t0,slabs_fixed/mp-12798_h100_t0.vasp,mace_runs/bare_slabs/mp-12798_h100_t0,-318.833740234375,,
bare_slab,mp-12798_h100_t1,slabs_fixed/mp-12798_h100_t1.vasp,mace_runs/bare_slabs/mp-12798_h100_t1,-312.3588562011719,,
bare_slab,mp-12798_h110_t0,slabs_fixed/mp-12798_h110_t0.vasp,mace_runs/bare_slabs/mp-12798_h110_t0,-404.9260559082031,,
bare_slab,mp-12798_h110_t1,slabs_fixed/mp-12798_h110_t1.vasp,mace_runs/bare_slabs/mp-12798_h110_t1,-400.9180603027344,,
bare_slab,mp-12798_h111_t0,slabs_fixed/mp-12798_h111_t0.vasp,mace_runs/bare_slabs/mp-12798_h111_t0,-546.6094360351562,,
bare_slab,mp-644311_h100_t0,slabs_fixed/mp-644311_h100_t0.vasp,mace_runs/bare_slabs/mp-644311_h100_t0,-723.3525390625,,
bare_slab,mp-644311_h110_t0,slabs_fixed/mp-644311_h110_t0.vasp,mace_runs/bare_slabs/mp-644311_h110_t0,-357.981689453125,,
bare_slab,mp-644311_h111_t0,slabs_fixed/mp-644311_h111_t0.vasp,mace_runs/bare_slabs/mp-644311_h111_t0,-1055.9166259765625,,
bare_slab,mp-644311_h111_t1,slabs_fixed/mp-644311_h111_t1.vasp,mace_runs/bare_slabs/mp-644311_h111_t1,-1049.5762939453125,,
bare_slab,mp-945_h100_t0,slabs_fixed/mp-945_h100_t0.vasp,mace_runs/bare_slabs/mp-945_h100_t0,-206.690185546875,,
bare_slab,mp-945_h100_t1,slabs_fixed/mp-945_h100_t1.vasp,mace_runs/bare_slabs/mp-945_h100_t1,-204.47950744628906,,
bare_slab,mp-945_h110_t0,slabs_fixed/mp-945_h110_t0.vasp,mace_runs/bare_slabs/mp-945_h110_t0,-322.9041748046875,,
bare_slab,mp-945_h111_t0,slabs_fixed/mp-945_h111_t0.vasp,mace_runs/bare_slabs/mp-945_h111_t0,-343.8661804199219,,
bare_slab,mp-945_h111_t1,slabs_fixed/mp-945_h111_t1.vasp,mace_runs/bare_slabs/mp-945_h111_t1,-342.5733642578125,,
h_ads,mp-1184054_h100_t0__ontop_0,ads_structures/mp-1184054_h100_t0/ontop_0.vasp,mace_runs/h_ads/mp-1184054_h100_t0__ontop_0,-653.9306640625,mp-1184054_h100_t0,ontop_0
h_ads,mp-1184054_h100_t0__ontop_1,ads_structures/mp-1184054_h100_t0/ontop_1.vasp,mace_runs/h_ads/mp-1184054_h100_t0__ontop_1,-654.2409057617188,mp-1184054_h100_t0,ontop_1
h_ads,mp-1184054_h100_t0__ontop_2,ads_structures/mp-1184054_h100_t0/ontop_2.vasp,mace_runs/h_ads/mp-1184054_h100_t0__ontop_2,-654.2338256835938,mp-1184054_h100_t0,ontop_2
h_ads,mp-1184054_h100_t0__bridge_0,ads_structures/mp-1184054_h100_t0/bridge_0.vasp,mace_runs/h_ads/mp-1184054_h100_t0__bridge_0,-654.697998046875,mp-1184054_h100_t0,bridge_0
h_ads,mp-1184054_h100_t0__bridge_1,ads_structures/mp-1184054_h100_t0/bridge_1.vasp,mace_runs/h_ads/mp-1184054_h100_t0__bridge_1,-654.5673217773438,mp-1184054_h100_t0,bridge_1
h_ads,mp-1184054_h100_t0__bridge_2,ads_structures/mp-1184054_h100_t0/bridge_2.vasp,mace_runs/h_ads/mp-1184054_h100_t0__bridge_2,-654.7271118164062,mp-1184054_h100_t0,bridge_2
h_ads,mp-1184054_h100_t0__bridge_3,ads_structures/mp-1184054_h100_t0/bridge_3.vasp,mace_runs/h_ads/mp-1184054_h100_t0__bridge_3,-654.6815185546875,mp-1184054_h100_t0,bridge_3
h_ads,mp-1184054_h100_t0__bridge_4,ads_structures/mp-1184054_h100_t0/bridge_4.vasp,mace_runs/h_ads/mp-1184054_h100_t0__bridge_4,-654.5424194335938,mp-1184054_h100_t0,bridge_4
h_ads,mp-1184054_h100_t0__hollow_0,ads_structures/mp-1184054_h100_t0/hollow_0.vasp,mace_runs/h_ads/mp-1184054_h100_t0__hollow_0,-654.6807861328125,mp-1184054_h100_t0,hollow_0
h_ads,mp-1184054_h100_t0__hollow_1,ads_structures/mp-1184054_h100_t0/hollow_1.vasp,mace_runs/h_ads/mp-1184054_h100_t0__hollow_1,-654.7257080078125,mp-1184054_h100_t0,hollow_1
h_ads,mp-1184054_h100_t0__hollow_2,ads_structures/mp-1184054_h100_t0/hollow_2.vasp,mace_runs/h_ads/mp-1184054_h100_t0__hollow_2,-654.5437622070312,mp-1184054_h100_t0,hollow_2
h_ads,mp-1184054_h110_t0__ontop_0,ads_structures/mp-1184054_h110_t0/ontop_0.vasp,mace_runs/h_ads/mp-1184054_h110_t0__ontop_0,-364.0533752441406,mp-1184054_h110_t0,ontop_0
h_ads,mp-1184054_h110_t0__bridge_0,ads_structures/mp-1184054_h110_t0/bridge_0.vasp,mace_runs/h_ads/mp-1184054_h110_t0__bridge_0,-364.43011474609375,mp-1184054_h110_t0,bridge_0
h_ads,mp-1184054_h110_t0__bridge_1,ads_structures/mp-1184054_h110_t0/bridge_1.vasp,mace_runs/h_ads/mp-1184054_h110_t0__bridge_1,-364.5318603515625,mp-1184054_h110_t0,bridge_1
h_ads,mp-1184054_h110_t0__bridge_2,ads_structures/mp-1184054_h110_t0/bridge_2.vasp,mace_runs/h_ads/mp-1184054_h110_t0__bridge_2,-364.24884033203125,mp-1184054_h110_t0,bridge_2
h_ads,mp-1184054_h110_t0__bridge_3,ads_structures/mp-1184054_h110_t0/bridge_3.vasp,mace_runs/h_ads/mp-1184054_h110_t0__bridge_3,-364.36578369140625,mp-1184054_h110_t0,bridge_3
h_ads,mp-1184054_h110_t1__ontop_0,ads_structures/mp-1184054_h110_t1/ontop_0.vasp,mace_runs/h_ads/mp-1184054_h110_t1__ontop_0,-363.913818359375,mp-1184054_h110_t1,ontop_0
h_ads,mp-1184054_h110_t1__ontop_1,ads_structures/mp-1184054_h110_t1/ontop_1.vasp,mace_runs/h_ads/mp-1184054_h110_t1__ontop_1,-364.1587829589844,mp-1184054_h110_t1,ontop_1
h_ads,mp-1184054_h110_t1__bridge_0,ads_structures/mp-1184054_h110_t1/bridge_0.vasp,mace_runs/h_ads/mp-1184054_h110_t1__bridge_0,-364.4469299316406,mp-1184054_h110_t1,bridge_0
h_ads,mp-1184054_h110_t1__bridge_1,ads_structures/mp-1184054_h110_t1/bridge_1.vasp,mace_runs/h_ads/mp-1184054_h110_t1__bridge_1,-364.5132141113281,mp-1184054_h110_t1,bridge_1
h_ads,mp-1184054_h110_t1__bridge_2,ads_structures/mp-1184054_h110_t1/bridge_2.vasp,mace_runs/h_ads/mp-1184054_h110_t1__bridge_2,-364.55352783203125,mp-1184054_h110_t1,bridge_2
h_ads,mp-1184054_h111_t0__ontop_0,ads_structures/mp-1184054_h111_t0/ontop_0.vasp,mace_runs/h_ads/mp-1184054_h111_t0__ontop_0,-940.094970703125,mp-1184054_h111_t0,ontop_0
h_ads,mp-1184054_h111_t0__ontop_1,ads_structures/mp-1184054_h111_t0/ontop_1.vasp,mace_runs/h_ads/mp-1184054_h111_t0__ontop_1,-940.0905151367188,mp-1184054_h111_t0,ontop_1
h_ads,mp-1184054_h111_t0__ontop_2,ads_structures/mp-1184054_h111_t0/ontop_2.vasp,mace_runs/h_ads/mp-1184054_h111_t0__ontop_2,-940.0703735351562,mp-1184054_h111_t0,ontop_2
h_ads,mp-1184054_h111_t0__bridge_0,ads_structures/mp-1184054_h111_t0/bridge_0.vasp,mace_runs/h_ads/mp-1184054_h111_t0__bridge_0,-940.0979614257812,mp-1184054_h111_t0,bridge_0
h_ads,mp-1184054_h111_t0__bridge_1,ads_structures/mp-1184054_h111_t0/bridge_1.vasp,mace_runs/h_ads/mp-1184054_h111_t0__bridge_1,-940.0760498046875,mp-1184054_h111_t0,bridge_1
h_ads,mp-1184054_h111_t0__bridge_2,ads_structures/mp-1184054_h111_t0/bridge_2.vasp,mace_runs/h_ads/mp-1184054_h111_t0__bridge_2,-940.0133056640625,mp-1184054_h111_t0,bridge_2
h_ads,mp-1184054_h111_t0__bridge_3,ads_structures/mp-1184054_h111_t0/bridge_3.vasp,mace_runs/h_ads/mp-1184054_h111_t0__bridge_3,-940.0719604492188,mp-1184054_h111_t0,bridge_3
h_ads,mp-1184054_h111_t0__bridge_4,ads_structures/mp-1184054_h111_t0/bridge_4.vasp,mace_runs/h_ads/mp-1184054_h111_t0__bridge_4,-939.9736328125,mp-1184054_h111_t0,bridge_4
h_ads,mp-1184054_h111_t0__bridge_5,ads_structures/mp-1184054_h111_t0/bridge_5.vasp,mace_runs/h_ads/mp-1184054_h111_t0__bridge_5,-940.0797119140625,mp-1184054_h111_t0,bridge_5
h_ads,mp-1184054_h111_t0__bridge_6,ads_structures/mp-1184054_h111_t0/bridge_6.vasp,mace_runs/h_ads/mp-1184054_h111_t0__bridge_6,-940.0181884765625,mp-1184054_h111_t0,bridge_6
h_ads,mp-1184054_h111_t0__hollow_0,ads_structures/mp-1184054_h111_t0/hollow_0.vasp,mace_runs/h_ads/mp-1184054_h111_t0__hollow_0,-940.0120239257812,mp-1184054_h111_t0,hollow_0
h_ads,mp-1184054_h111_t0__hollow_1,ads_structures/mp-1184054_h111_t0/hollow_1.vasp,mace_runs/h_ads/mp-1184054_h111_t0__hollow_1,-940.095703125,mp-1184054_h111_t0,hollow_1
h_ads,mp-1184054_h111_t0__hollow_2,ads_structures/mp-1184054_h111_t0/hollow_2.vasp,mace_runs/h_ads/mp-1184054_h111_t0__hollow_2,-940.0856323242188,mp-1184054_h111_t0,hollow_2
h_ads,mp-1184054_h111_t0__hollow_3,ads_structures/mp-1184054_h111_t0/hollow_3.vasp,mace_runs/h_ads/mp-1184054_h111_t0__hollow_3,-939.94091796875,mp-1184054_h111_t0,hollow_3
h_ads,mp-1184054_h111_t0__hollow_4,ads_structures/mp-1184054_h111_t0/hollow_4.vasp,mace_runs/h_ads/mp-1184054_h111_t0__hollow_4,-940.0679931640625,mp-1184054_h111_t0,hollow_4
h_ads,mp-1184054_h111_t0__hollow_5,ads_structures/mp-1184054_h111_t0/hollow_5.vasp,mace_runs/h_ads/mp-1184054_h111_t0__hollow_5,-940.0367431640625,mp-1184054_h111_t0,hollow_5
h_ads,mp-1184054_h111_t1__ontop_0,ads_structures/mp-1184054_h111_t1/ontop_0.vasp,mace_runs/h_ads/mp-1184054_h111_t1__ontop_0,-939.6099243164062,mp-1184054_h111_t1,ontop_0
h_ads,mp-1184054_h111_t1__ontop_1,ads_structures/mp-1184054_h111_t1/ontop_1.vasp,mace_runs/h_ads/mp-1184054_h111_t1__ontop_1,-939.6528930664062,mp-1184054_h111_t1,ontop_1
h_ads,mp-1184054_h111_t1__ontop_2,ads_structures/mp-1184054_h111_t1/ontop_2.vasp,mace_runs/h_ads/mp-1184054_h111_t1__ontop_2,-939.644287109375,mp-1184054_h111_t1,ontop_2
h_ads,mp-1184054_h111_t1__bridge_0,ads_structures/mp-1184054_h111_t1/bridge_0.vasp,mace_runs/h_ads/mp-1184054_h111_t1__bridge_0,-939.5548706054688,mp-1184054_h111_t1,bridge_0
h_ads,mp-1184054_h111_t1__bridge_1,ads_structures/mp-1184054_h111_t1/bridge_1.vasp,mace_runs/h_ads/mp-1184054_h111_t1__bridge_1,-939.6004638671875,mp-1184054_h111_t1,bridge_1
h_ads,mp-1184054_h111_t1__bridge_2,ads_structures/mp-1184054_h111_t1/bridge_2.vasp,mace_runs/h_ads/mp-1184054_h111_t1__bridge_2,-939.6612548828125,mp-1184054_h111_t1,bridge_2
h_ads,mp-1184054_h111_t1__bridge_3,ads_structures/mp-1184054_h111_t1/bridge_3.vasp,mace_runs/h_ads/mp-1184054_h111_t1__bridge_3,-939.5496215820312,mp-1184054_h111_t1,bridge_3
h_ads,mp-1184054_h111_t1__bridge_4,ads_structures/mp-1184054_h111_t1/bridge_4.vasp,mace_runs/h_ads/mp-1184054_h111_t1__bridge_4,-939.658203125,mp-1184054_h111_t1,bridge_4
h_ads,mp-1184054_h111_t1__bridge_5,ads_structures/mp-1184054_h111_t1/bridge_5.vasp,mace_runs/h_ads/mp-1184054_h111_t1__bridge_5,-939.5457763671875,mp-1184054_h111_t1,bridge_5
h_ads,mp-1184054_h111_t1__bridge_6,ads_structures/mp-1184054_h111_t1/bridge_6.vasp,mace_runs/h_ads/mp-1184054_h111_t1__bridge_6,-939.6319580078125,mp-1184054_h111_t1,bridge_6
h_ads,mp-1184054_h111_t1__hollow_0,ads_structures/mp-1184054_h111_t1/hollow_0.vasp,mace_runs/h_ads/mp-1184054_h111_t1__hollow_0,-939.65234375,mp-1184054_h111_t1,hollow_0
h_ads,mp-1184054_h111_t1__hollow_1,ads_structures/mp-1184054_h111_t1/hollow_1.vasp,mace_runs/h_ads/mp-1184054_h111_t1__hollow_1,-939.6652221679688,mp-1184054_h111_t1,hollow_1
h_ads,mp-1184054_h111_t1__hollow_2,ads_structures/mp-1184054_h111_t1/hollow_2.vasp,mace_runs/h_ads/mp-1184054_h111_t1__hollow_2,-939.60546875,mp-1184054_h111_t1,hollow_2
h_ads,mp-1184054_h111_t1__hollow_3,ads_structures/mp-1184054_h111_t1/hollow_3.vasp,mace_runs/h_ads/mp-1184054_h111_t1__hollow_3,-939.5311889648438,mp-1184054_h111_t1,hollow_3
h_ads,mp-1184054_h111_t1__hollow_4,ads_structures/mp-1184054_h111_t1/hollow_4.vasp,mace_runs/h_ads/mp-1184054_h111_t1__hollow_4,-939.6384887695312,mp-1184054_h111_t1,hollow_4
h_ads,mp-1184054_h111_t1__hollow_5,ads_structures/mp-1184054_h111_t1/hollow_5.vasp,mace_runs/h_ads/mp-1184054_h111_t1__hollow_5,-939.7164306640625,mp-1184054_h111_t1,hollow_5
h_ads,mp-1186117_h100_t0__ontop_0,ads_structures/mp-1186117_h100_t0/ontop_0.vasp,mace_runs/h_ads/mp-1186117_h100_t0__ontop_0,-328.8990478515625,mp-1186117_h100_t0,ontop_0
h_ads,mp-1186117_h100_t0__bridge_0,ads_structures/mp-1186117_h100_t0/bridge_0.vasp,mace_runs/h_ads/mp-1186117_h100_t0__bridge_0,-329.1997375488281,mp-1186117_h100_t0,bridge_0
h_ads,mp-1186117_h100_t0__bridge_1,ads_structures/mp-1186117_h100_t0/bridge_1.vasp,mace_runs/h_ads/mp-1186117_h100_t0__bridge_1,-328.9656677246094,mp-1186117_h100_t0,bridge_1
h_ads,mp-1186117_h100_t0__bridge_2,ads_structures/mp-1186117_h100_t0/bridge_2.vasp,mace_runs/h_ads/mp-1186117_h100_t0__bridge_2,-328.8896179199219,mp-1186117_h100_t0,bridge_2
h_ads,mp-1186117_h100_t1__ontop_0,ads_structures/mp-1186117_h100_t1/ontop_0.vasp,mace_runs/h_ads/mp-1186117_h100_t1__ontop_0,-325.9473571777344,mp-1186117_h100_t1,ontop_0
h_ads,mp-1186117_h100_t1__ontop_1,ads_structures/mp-1186117_h100_t1/ontop_1.vasp,mace_runs/h_ads/mp-1186117_h100_t1__ontop_1,-326.4259033203125,mp-1186117_h100_t1,ontop_1
h_ads,mp-1186117_h100_t1__bridge_0,ads_structures/mp-1186117_h100_t1/bridge_0.vasp,mace_runs/h_ads/mp-1186117_h100_t1__bridge_0,-326.5537109375,mp-1186117_h100_t1,bridge_0
h_ads,mp-1186117_h100_t1__bridge_1,ads_structures/mp-1186117_h100_t1/bridge_1.vasp,mace_runs/h_ads/mp-1186117_h100_t1__bridge_1,-326.3849792480469,mp-1186117_h100_t1,bridge_1
h_ads,mp-1186117_h110_t0__ontop_0,ads_structures/mp-1186117_h110_t0/ontop_0.vasp,mace_runs/h_ads/mp-1186117_h110_t0__ontop_0,-417.0086975097656,mp-1186117_h110_t0,ontop_0
h_ads,mp-1186117_h110_t0__bridge_0,ads_structures/mp-1186117_h110_t0/bridge_0.vasp,mace_runs/h_ads/mp-1186117_h110_t0__bridge_0,-417.2954406738281,mp-1186117_h110_t0,bridge_0
h_ads,mp-1186117_h110_t0__bridge_1,ads_structures/mp-1186117_h110_t0/bridge_1.vasp,mace_runs/h_ads/mp-1186117_h110_t0__bridge_1,-416.6817626953125,mp-1186117_h110_t0,bridge_1
h_ads,mp-1186117_h110_t0__bridge_2,ads_structures/mp-1186117_h110_t0/bridge_2.vasp,mace_runs/h_ads/mp-1186117_h110_t0__bridge_2,-417.0715026855469,mp-1186117_h110_t0,bridge_2
h_ads,mp-1186117_h110_t0__bridge_3,ads_structures/mp-1186117_h110_t0/bridge_3.vasp,mace_runs/h_ads/mp-1186117_h110_t0__bridge_3,-417.3139343261719,mp-1186117_h110_t0,bridge_3
h_ads,mp-1186117_h110_t0__bridge_4,ads_structures/mp-1186117_h110_t0/bridge_4.vasp,mace_runs/h_ads/mp-1186117_h110_t0__bridge_4,-416.7260437011719,mp-1186117_h110_t0,bridge_4
h_ads,mp-1186117_h110_t1__ontop_0,ads_structures/mp-1186117_h110_t1/ontop_0.vasp,mace_runs/h_ads/mp-1186117_h110_t1__ontop_0,-415.890869140625,mp-1186117_h110_t1,ontop_0
h_ads,mp-1186117_h110_t1__ontop_1,ads_structures/mp-1186117_h110_t1/ontop_1.vasp,mace_runs/h_ads/mp-1186117_h110_t1__ontop_1,-416.4161376953125,mp-1186117_h110_t1,ontop_1
h_ads,mp-1186117_h110_t1__bridge_0,ads_structures/mp-1186117_h110_t1/bridge_0.vasp,mace_runs/h_ads/mp-1186117_h110_t1__bridge_0,-416.55072021484375,mp-1186117_h110_t1,bridge_0
h_ads,mp-1186117_h110_t1__bridge_1,ads_structures/mp-1186117_h110_t1/bridge_1.vasp,mace_runs/h_ads/mp-1186117_h110_t1__bridge_1,-416.12103271484375,mp-1186117_h110_t1,bridge_1
h_ads,mp-1186117_h110_t1__bridge_2,ads_structures/mp-1186117_h110_t1/bridge_2.vasp,mace_runs/h_ads/mp-1186117_h110_t1__bridge_2,-416.38311767578125,mp-1186117_h110_t1,bridge_2
h_ads,mp-1186117_h110_t1__bridge_3,ads_structures/mp-1186117_h110_t1/bridge_3.vasp,mace_runs/h_ads/mp-1186117_h110_t1__bridge_3,-416.38427734375,mp-1186117_h110_t1,bridge_3
h_ads,mp-1186117_h111_t0__ontop_0,ads_structures/mp-1186117_h111_t0/ontop_0.vasp,mace_runs/h_ads/mp-1186117_h111_t0__ontop_0,-562.4430541992188,mp-1186117_h111_t0,ontop_0
h_ads,mp-1186117_h111_t0__ontop_1,ads_structures/mp-1186117_h111_t0/ontop_1.vasp,mace_runs/h_ads/mp-1186117_h111_t0__ontop_1,-562.9274291992188,mp-1186117_h111_t0,ontop_1
h_ads,mp-1186117_h111_t0__bridge_0,ads_structures/mp-1186117_h111_t0/bridge_0.vasp,mace_runs/h_ads/mp-1186117_h111_t0__bridge_0,-563.0741577148438,mp-1186117_h111_t0,bridge_0
h_ads,mp-1186117_h111_t0__bridge_1,ads_structures/mp-1186117_h111_t0/bridge_1.vasp,mace_runs/h_ads/mp-1186117_h111_t0__bridge_1,-563.0890502929688,mp-1186117_h111_t0,bridge_1
h_ads,mp-1186117_h111_t0__bridge_2,ads_structures/mp-1186117_h111_t0/bridge_2.vasp,mace_runs/h_ads/mp-1186117_h111_t0__bridge_2,-563.0400390625,mp-1186117_h111_t0,bridge_2
h_ads,mp-1186117_h111_t0__hollow_0,ads_structures/mp-1186117_h111_t0/hollow_0.vasp,mace_runs/h_ads/mp-1186117_h111_t0__hollow_0,-563.0718383789062,mp-1186117_h111_t0,hollow_0
h_ads,mp-1186117_h111_t0__hollow_1,ads_structures/mp-1186117_h111_t0/hollow_1.vasp,mace_runs/h_ads/mp-1186117_h111_t0__hollow_1,-563.020751953125,mp-1186117_h111_t0,hollow_1
h_ads,mp-1186117_h111_t0__hollow_2,ads_structures/mp-1186117_h111_t0/hollow_2.vasp,mace_runs/h_ads/mp-1186117_h111_t0__hollow_2,-563.0870361328125,mp-1186117_h111_t0,hollow_2
h_ads,mp-1186117_h111_t0__hollow_3,ads_structures/mp-1186117_h111_t0/hollow_3.vasp,mace_runs/h_ads/mp-1186117_h111_t0__hollow_3,-563.0853881835938,mp-1186117_h111_t0,hollow_3
h_ads,mp-12086_h100_t0__ontop_0,ads_structures/mp-12086_h100_t0/ontop_0.vasp,mace_runs/h_ads/mp-12086_h100_t0__ontop_0,-261.083984375,mp-12086_h100_t0,ontop_0
h_ads,mp-12086_h100_t0__ontop_1,ads_structures/mp-12086_h100_t0/ontop_1.vasp,mace_runs/h_ads/mp-12086_h100_t0__ontop_1,-261.9936828613281,mp-12086_h100_t0,ontop_1
h_ads,mp-12086_h100_t0__bridge_0,ads_structures/mp-12086_h100_t0/bridge_0.vasp,mace_runs/h_ads/mp-12086_h100_t0__bridge_0,-262.1062927246094,mp-12086_h100_t0,bridge_0
h_ads,mp-12086_h100_t0__bridge_1,ads_structures/mp-12086_h100_t0/bridge_1.vasp,mace_runs/h_ads/mp-12086_h100_t0__bridge_1,-262.2368469238281,mp-12086_h100_t0,bridge_1
h_ads,mp-12086_h100_t1__ontop_0,ads_structures/mp-12086_h100_t1/ontop_0.vasp,mace_runs/h_ads/mp-12086_h100_t1__ontop_0,-252.58921813964844,mp-12086_h100_t1,ontop_0
h_ads,mp-12086_h100_t1__bridge_0,ads_structures/mp-12086_h100_t1/bridge_0.vasp,mace_runs/h_ads/mp-12086_h100_t1__bridge_0,-253.0434112548828,mp-12086_h100_t1,bridge_0
h_ads,mp-12086_h100_t1__bridge_1,ads_structures/mp-12086_h100_t1/bridge_1.vasp,mace_runs/h_ads/mp-12086_h100_t1__bridge_1,-253.04942321777344,mp-12086_h100_t1,bridge_1
h_ads,mp-12086_h100_t1__bridge_2,ads_structures/mp-12086_h100_t1/bridge_2.vasp,mace_runs/h_ads/mp-12086_h100_t1__bridge_2,-252.9768524169922,mp-12086_h100_t1,bridge_2
h_ads,mp-12086_h110_t0__ontop_0,ads_structures/mp-12086_h110_t0/ontop_0.vasp,mace_runs/h_ads/mp-12086_h110_t0__ontop_0,-330.594482421875,mp-12086_h110_t0,ontop_0
h_ads,mp-12086_h110_t0__ontop_1,ads_structures/mp-12086_h110_t0/ontop_1.vasp,mace_runs/h_ads/mp-12086_h110_t0__ontop_1,-331.1674499511719,mp-12086_h110_t0,ontop_1
h_ads,mp-12086_h110_t0__bridge_0,ads_structures/mp-12086_h110_t0/bridge_0.vasp,mace_runs/h_ads/mp-12086_h110_t0__bridge_0,-330.71173095703125,mp-12086_h110_t0,bridge_0
h_ads,mp-12086_h110_t0__bridge_1,ads_structures/mp-12086_h110_t0/bridge_1.vasp,mace_runs/h_ads/mp-12086_h110_t0__bridge_1,-331.447998046875,mp-12086_h110_t0,bridge_1
h_ads,mp-12086_h110_t0__bridge_2,ads_structures/mp-12086_h110_t0/bridge_2.vasp,mace_runs/h_ads/mp-12086_h110_t0__bridge_2,-331.44635009765625,mp-12086_h110_t0,bridge_2
h_ads,mp-12086_h110_t0__bridge_3,ads_structures/mp-12086_h110_t0/bridge_3.vasp,mace_runs/h_ads/mp-12086_h110_t0__bridge_3,-331.446533203125,mp-12086_h110_t0,bridge_3
h_ads,mp-12086_h110_t1__ontop_0,ads_structures/mp-12086_h110_t1/ontop_0.vasp,mace_runs/h_ads/mp-12086_h110_t1__ontop_0,-324.3799133300781,mp-12086_h110_t1,ontop_0
h_ads,mp-12086_h110_t1__bridge_0,ads_structures/mp-12086_h110_t1/bridge_0.vasp,mace_runs/h_ads/mp-12086_h110_t1__bridge_0,-324.2036437988281,mp-12086_h110_t1,bridge_0
h_ads,mp-12086_h110_t1__bridge_1,ads_structures/mp-12086_h110_t1/bridge_1.vasp,mace_runs/h_ads/mp-12086_h110_t1__bridge_1,-323.9178161621094,mp-12086_h110_t1,bridge_1
h_ads,mp-12086_h110_t1__bridge_2,ads_structures/mp-12086_h110_t1/bridge_2.vasp,mace_runs/h_ads/mp-12086_h110_t1__bridge_2,-324.38482666015625,mp-12086_h110_t1,bridge_2
h_ads,mp-12086_h110_t1__bridge_3,ads_structures/mp-12086_h110_t1/bridge_3.vasp,mace_runs/h_ads/mp-12086_h110_t1__bridge_3,-323.9282531738281,mp-12086_h110_t1,bridge_3
h_ads,mp-12086_h110_t1__bridge_4,ads_structures/mp-12086_h110_t1/bridge_4.vasp,mace_runs/h_ads/mp-12086_h110_t1__bridge_4,-324.1718444824219,mp-12086_h110_t1,bridge_4
h_ads,mp-12086_h111_t0__ontop_0,ads_structures/mp-12086_h111_t0/ontop_0.vasp,mace_runs/h_ads/mp-12086_h111_t0__ontop_0,-441.6566162109375,mp-12086_h111_t0,ontop_0
h_ads,mp-12086_h111_t0__ontop_1,ads_structures/mp-12086_h111_t0/ontop_1.vasp,mace_runs/h_ads/mp-12086_h111_t0__ontop_1,-441.7086181640625,mp-12086_h111_t0,ontop_1
h_ads,mp-12086_h111_t0__bridge_0,ads_structures/mp-12086_h111_t0/bridge_0.vasp,mace_runs/h_ads/mp-12086_h111_t0__bridge_0,-441.8280944824219,mp-12086_h111_t0,bridge_0
h_ads,mp-12086_h111_t0__bridge_1,ads_structures/mp-12086_h111_t0/bridge_1.vasp,mace_runs/h_ads/mp-12086_h111_t0__bridge_1,-441.88421630859375,mp-12086_h111_t0,bridge_1
h_ads,mp-12086_h111_t0__bridge_2,ads_structures/mp-12086_h111_t0/bridge_2.vasp,mace_runs/h_ads/mp-12086_h111_t0__bridge_2,-441.8565979003906,mp-12086_h111_t0,bridge_2
h_ads,mp-12086_h111_t0__hollow_0,ads_structures/mp-12086_h111_t0/hollow_0.vasp,mace_runs/h_ads/mp-12086_h111_t0__hollow_0,-441.8866271972656,mp-12086_h111_t0,hollow_0
h_ads,mp-12086_h111_t0__hollow_1,ads_structures/mp-12086_h111_t0/hollow_1.vasp,mace_runs/h_ads/mp-12086_h111_t0__hollow_1,-441.8573303222656,mp-12086_h111_t0,hollow_1
h_ads,mp-12086_h111_t0__hollow_2,ads_structures/mp-12086_h111_t0/hollow_2.vasp,mace_runs/h_ads/mp-12086_h111_t0__hollow_2,-441.36737060546875,mp-12086_h111_t0,hollow_2
h_ads,mp-12086_h111_t0__hollow_3,ads_structures/mp-12086_h111_t0/hollow_3.vasp,mace_runs/h_ads/mp-12086_h111_t0__hollow_3,-441.6590881347656,mp-12086_h111_t0,hollow_3
h_ads,mp-1225687_h100_t0__ontop_0,ads_structures/mp-1225687_h100_t0/ontop_0.vasp,mace_runs/h_ads/mp-1225687_h100_t0__ontop_0,-681.4081420898438,mp-1225687_h100_t0,ontop_0
h_ads,mp-1225687_h100_t0__ontop_1,ads_structures/mp-1225687_h100_t0/ontop_1.vasp,mace_runs/h_ads/mp-1225687_h100_t0__ontop_1,-681.3951416015625,mp-1225687_h100_t0,ontop_1
h_ads,mp-1225687_h100_t0__ontop_2,ads_structures/mp-1225687_h100_t0/ontop_2.vasp,mace_runs/h_ads/mp-1225687_h100_t0__ontop_2,-681.3016967773438,mp-1225687_h100_t0,ontop_2
h_ads,mp-1225687_h100_t0__ontop_3,ads_structures/mp-1225687_h100_t0/ontop_3.vasp,mace_runs/h_ads/mp-1225687_h100_t0__ontop_3,-681.2571411132812,mp-1225687_h100_t0,ontop_3
h_ads,mp-1225687_h100_t0__bridge_0,ads_structures/mp-1225687_h100_t0/bridge_0.vasp,mace_runs/h_ads/mp-1225687_h100_t0__bridge_0,-681.2637939453125,mp-1225687_h100_t0,bridge_0
h_ads,mp-1225687_h100_t0__bridge_1,ads_structures/mp-1225687_h100_t0/bridge_1.vasp,mace_runs/h_ads/mp-1225687_h100_t0__bridge_1,-681.2543334960938,mp-1225687_h100_t0,bridge_1
h_ads,mp-1225687_h100_t0__bridge_2,ads_structures/mp-1225687_h100_t0/bridge_2.vasp,mace_runs/h_ads/mp-1225687_h100_t0__bridge_2,-681.3939819335938,mp-1225687_h100_t0,bridge_2
h_ads,mp-1225687_h100_t0__bridge_3,ads_structures/mp-1225687_h100_t0/bridge_3.vasp,mace_runs/h_ads/mp-1225687_h100_t0__bridge_3,-681.3710327148438,mp-1225687_h100_t0,bridge_3
h_ads,mp-1225687_h100_t0__bridge_4,ads_structures/mp-1225687_h100_t0/bridge_4.vasp,mace_runs/h_ads/mp-1225687_h100_t0__bridge_4,-681.2631225585938,mp-1225687_h100_t0,bridge_4
h_ads,mp-1225687_h100_t0__bridge_5,ads_structures/mp-1225687_h100_t0/bridge_5.vasp,mace_runs/h_ads/mp-1225687_h100_t0__bridge_5,-681.3674926757812,mp-1225687_h100_t0,bridge_5
h_ads,mp-1225687_h100_t0__bridge_6,ads_structures/mp-1225687_h100_t0/bridge_6.vasp,mace_runs/h_ads/mp-1225687_h100_t0__bridge_6,-681.1182861328125,mp-1225687_h100_t0,bridge_6
h_ads,mp-1225687_h100_t0__bridge_7,ads_structures/mp-1225687_h100_t0/bridge_7.vasp,mace_runs/h_ads/mp-1225687_h100_t0__bridge_7,-681.1828002929688,mp-1225687_h100_t0,bridge_7
h_ads,mp-1225687_h100_t0__hollow_0,ads_structures/mp-1225687_h100_t0/hollow_0.vasp,mace_runs/h_ads/mp-1225687_h100_t0__hollow_0,-681.3762817382812,mp-1225687_h100_t0,hollow_0
h_ads,mp-1225687_h100_t0__hollow_1,ads_structures/mp-1225687_h100_t0/hollow_1.vasp,mace_runs/h_ads/mp-1225687_h100_t0__hollow_1,-681.2622680664062,mp-1225687_h100_t0,hollow_1
h_ads,mp-1225687_h100_t0__hollow_2,ads_structures/mp-1225687_h100_t0/hollow_2.vasp,mace_runs/h_ads/mp-1225687_h100_t0__hollow_2,-681.4006958007812,mp-1225687_h100_t0,hollow_2
h_ads,mp-1225687_h100_t0__hollow_3,ads_structures/mp-1225687_h100_t0/hollow_3.vasp,mace_runs/h_ads/mp-1225687_h100_t0__hollow_3,-681.347900390625,mp-1225687_h100_t0,hollow_3
h_ads,mp-1225687_h100_t0__hollow_4,ads_structures/mp-1225687_h100_t0/hollow_4.vasp,mace_runs/h_ads/mp-1225687_h100_t0__hollow_4,-681.3729858398438,mp-1225687_h100_t0,hollow_4
h_ads,mp-1225687_h100_t0__hollow_5,ads_structures/mp-1225687_h100_t0/hollow_5.vasp,mace_runs/h_ads/mp-1225687_h100_t0__hollow_5,-681.4171142578125,mp-1225687_h100_t0,hollow_5
h_ads,mp-1225687_h100_t0__hollow_6,ads_structures/mp-1225687_h100_t0/hollow_6.vasp,mace_runs/h_ads/mp-1225687_h100_t0__hollow_6,-681.2698364257812,mp-1225687_h100_t0,hollow_6
h_ads,mp-1225687_h100_t0__hollow_7,ads_structures/mp-1225687_h100_t0/hollow_7.vasp,mace_runs/h_ads/mp-1225687_h100_t0__hollow_7,-681.25390625,mp-1225687_h100_t0,hollow_7
h_ads,mp-1225687_h110_t0__ontop_0,ads_structures/mp-1225687_h110_t0/ontop_0.vasp,mace_runs/h_ads/mp-1225687_h110_t0__ontop_0,-377.89678955078125,mp-1225687_h110_t0,ontop_0
h_ads,mp-1225687_h110_t0__ontop_1,ads_structures/mp-1225687_h110_t0/ontop_1.vasp,mace_runs/h_ads/mp-1225687_h110_t0__ontop_1,-378.16497802734375,mp-1225687_h110_t0,ontop_1
h_ads,mp-1225687_h110_t0__bridge_0,ads_structures/mp-1225687_h110_t0/bridge_0.vasp,mace_runs/h_ads/mp-1225687_h110_t0__bridge_0,-378.1871643066406,mp-1225687_h110_t0,bridge_0
h_ads,mp-1225687_h110_t0__bridge_1,ads_structures/mp-1225687_h110_t0/bridge_1.vasp,mace_runs/h_ads/mp-1225687_h110_t0__bridge_1,-378.5401611328125,mp-1225687_h110_t0,bridge_1
h_ads,mp-1225687_h110_t0__bridge_2,ads_structures/mp-1225687_h110_t0/bridge_2.vasp,mace_runs/h_ads/mp-1225687_h110_t0__bridge_2,-378.5462951660156,mp-1225687_h110_t0,bridge_2
h_ads,mp-1225687_h110_t0__bridge_3,ads_structures/mp-1225687_h110_t0/bridge_3.vasp,mace_runs/h_ads/mp-1225687_h110_t0__bridge_3,-378.5201110839844,mp-1225687_h110_t0,bridge_3
h_ads,mp-1225687_h110_t0__hollow_0,ads_structures/mp-1225687_h110_t0/hollow_0.vasp,mace_runs/h_ads/mp-1225687_h110_t0__hollow_0,-378.4382019042969,mp-1225687_h110_t0,hollow_0
h_ads,mp-1225687_h110_t0__hollow_1,ads_structures/mp-1225687_h110_t0/hollow_1.vasp,mace_runs/h_ads/mp-1225687_h110_t0__hollow_1,-378.6563720703125,mp-1225687_h110_t0,hollow_1
h_ads,mp-1225687_h111_t0__ontop_0,ads_structures/mp-1225687_h111_t0/ontop_0.vasp,mace_runs/h_ads/mp-1225687_h111_t0__ontop_0,-1110.171142578125,mp-1225687_h111_t0,ontop_0
h_ads,mp-1225687_h111_t0__ontop_1,ads_structures/mp-1225687_h111_t0/ontop_1.vasp,mace_runs/h_ads/mp-1225687_h111_t0__ontop_1,-1110.1783447265625,mp-1225687_h111_t0,ontop_1
h_ads,mp-1225687_h111_t0__ontop_2,ads_structures/mp-1225687_h111_t0/ontop_2.vasp,mace_runs/h_ads/mp-1225687_h111_t0__ontop_2,-1110.2100830078125,mp-1225687_h111_t0,ontop_2
h_ads,mp-1225687_h111_t0__ontop_3,ads_structures/mp-1225687_h111_t0/ontop_3.vasp,mace_runs/h_ads/mp-1225687_h111_t0__ontop_3,-1110.186279296875,mp-1225687_h111_t0,ontop_3
h_ads,mp-1225687_h111_t0__ontop_4,ads_structures/mp-1225687_h111_t0/ontop_4.vasp,mace_runs/h_ads/mp-1225687_h111_t0__ontop_4,-1110.1949462890625,mp-1225687_h111_t0,ontop_4
h_ads,mp-1225687_h111_t0__bridge_0,ads_structures/mp-1225687_h111_t0/bridge_0.vasp,mace_runs/h_ads/mp-1225687_h111_t0__bridge_0,-1110.363525390625,mp-1225687_h111_t0,bridge_0
h_ads,mp-1225687_h111_t0__bridge_1,ads_structures/mp-1225687_h111_t0/bridge_1.vasp,mace_runs/h_ads/mp-1225687_h111_t0__bridge_1,-1110.065185546875,mp-1225687_h111_t0,bridge_1
h_ads,mp-1225687_h111_t0__bridge_2,ads_structures/mp-1225687_h111_t0/bridge_2.vasp,mace_runs/h_ads/mp-1225687_h111_t0__bridge_2,-1110.1331787109375,mp-1225687_h111_t0,bridge_2
h_ads,mp-1225687_h111_t0__bridge_3,ads_structures/mp-1225687_h111_t0/bridge_3.vasp,mace_runs/h_ads/mp-1225687_h111_t0__bridge_3,-1110.310546875,mp-1225687_h111_t0,bridge_3
h_ads,mp-1225687_h111_t0__bridge_4,ads_structures/mp-1225687_h111_t0/bridge_4.vasp,mace_runs/h_ads/mp-1225687_h111_t0__bridge_4,-1110.114013671875,mp-1225687_h111_t0,bridge_4
h_ads,mp-1225687_h111_t0__bridge_5,ads_structures/mp-1225687_h111_t0/bridge_5.vasp,mace_runs/h_ads/mp-1225687_h111_t0__bridge_5,-1110.33056640625,mp-1225687_h111_t0,bridge_5
h_ads,mp-1225687_h111_t0__bridge_6,ads_structures/mp-1225687_h111_t0/bridge_6.vasp,mace_runs/h_ads/mp-1225687_h111_t0__bridge_6,-1110.1630859375,mp-1225687_h111_t0,bridge_6
h_ads,mp-1225687_h111_t0__bridge_7,ads_structures/mp-1225687_h111_t0/bridge_7.vasp,mace_runs/h_ads/mp-1225687_h111_t0__bridge_7,-1110.3475341796875,mp-1225687_h111_t0,bridge_7
h_ads,mp-1225687_h111_t0__bridge_8,ads_structures/mp-1225687_h111_t0/bridge_8.vasp,mace_runs/h_ads/mp-1225687_h111_t0__bridge_8,-1110.3231201171875,mp-1225687_h111_t0,bridge_8
h_ads,mp-1225687_h111_t0__bridge_9,ads_structures/mp-1225687_h111_t0/bridge_9.vasp,mace_runs/h_ads/mp-1225687_h111_t0__bridge_9,-1110.1898193359375,mp-1225687_h111_t0,bridge_9
h_ads,mp-1225687_h111_t0__bridge_10,ads_structures/mp-1225687_h111_t0/bridge_10.vasp,mace_runs/h_ads/mp-1225687_h111_t0__bridge_10,-1110.2275390625,mp-1225687_h111_t0,bridge_10
h_ads,mp-1225687_h111_t0__bridge_11,ads_structures/mp-1225687_h111_t0/bridge_11.vasp,mace_runs/h_ads/mp-1225687_h111_t0__bridge_11,-1110.358154296875,mp-1225687_h111_t0,bridge_11
h_ads,mp-1225687_h111_t0__bridge_12,ads_structures/mp-1225687_h111_t0/bridge_12.vasp,mace_runs/h_ads/mp-1225687_h111_t0__bridge_12,-1110.19384765625,mp-1225687_h111_t0,bridge_12
h_ads,mp-1225687_h111_t0__bridge_13,ads_structures/mp-1225687_h111_t0/bridge_13.vasp,mace_runs/h_ads/mp-1225687_h111_t0__bridge_13,-1110.2149658203125,mp-1225687_h111_t0,bridge_13
h_ads,mp-1225687_h111_t0__bridge_14,ads_structures/mp-1225687_h111_t0/bridge_14.vasp,mace_runs/h_ads/mp-1225687_h111_t0__bridge_14,-1110.0438232421875,mp-1225687_h111_t0,bridge_14
h_ads,mp-1225687_h111_t0__hollow_0,ads_structures/mp-1225687_h111_t0/hollow_0.vasp,mace_runs/h_ads/mp-1225687_h111_t0__hollow_0,-1110.11669921875,mp-1225687_h111_t0,hollow_0
h_ads,mp-1225687_h111_t0__hollow_1,ads_structures/mp-1225687_h111_t0/hollow_1.vasp,mace_runs/h_ads/mp-1225687_h111_t0__hollow_1,-1110.3275146484375,mp-1225687_h111_t0,hollow_1
h_ads,mp-1225687_h111_t0__hollow_2,ads_structures/mp-1225687_h111_t0/hollow_2.vasp,mace_runs/h_ads/mp-1225687_h111_t0__hollow_2,-1110.200927734375,mp-1225687_h111_t0,hollow_2
h_ads,mp-1225687_h111_t0__hollow_3,ads_structures/mp-1225687_h111_t0/hollow_3.vasp,mace_runs/h_ads/mp-1225687_h111_t0__hollow_3,-1110.3619384765625,mp-1225687_h111_t0,hollow_3
h_ads,mp-1225687_h111_t0__hollow_4,ads_structures/mp-1225687_h111_t0/hollow_4.vasp,mace_runs/h_ads/mp-1225687_h111_t0__hollow_4,-1110.2086181640625,mp-1225687_h111_t0,hollow_4
h_ads,mp-1225687_h111_t0__hollow_5,ads_structures/mp-1225687_h111_t0/hollow_5.vasp,mace_runs/h_ads/mp-1225687_h111_t0__hollow_5,-1110.3377685546875,mp-1225687_h111_t0,hollow_5
h_ads,mp-1225687_h111_t0__hollow_6,ads_structures/mp-1225687_h111_t0/hollow_6.vasp,mace_runs/h_ads/mp-1225687_h111_t0__hollow_6,-1110.310546875,mp-1225687_h111_t0,hollow_6
h_ads,mp-1225687_h111_t0__hollow_7,ads_structures/mp-1225687_h111_t0/hollow_7.vasp,mace_runs/h_ads/mp-1225687_h111_t0__hollow_7,-1110.1971435546875,mp-1225687_h111_t0,hollow_7
h_ads,mp-1225687_h111_t0__hollow_8,ads_structures/mp-1225687_h111_t0/hollow_8.vasp,mace_runs/h_ads/mp-1225687_h111_t0__hollow_8,-1110.1011962890625,mp-1225687_h111_t0,hollow_8
h_ads,mp-1225687_h111_t0__hollow_9,ads_structures/mp-1225687_h111_t0/hollow_9.vasp,mace_runs/h_ads/mp-1225687_h111_t0__hollow_9,-1110.25537109375,mp-1225687_h111_t0,hollow_9
h_ads,mp-1225687_h111_t1__ontop_0,ads_structures/mp-1225687_h111_t1/ontop_0.vasp,mace_runs/h_ads/mp-1225687_h111_t1__ontop_0,-1106.31201171875,mp-1225687_h111_t1,ontop_0
h_ads,mp-1225687_h111_t1__ontop_1,ads_structures/mp-1225687_h111_t1/ontop_1.vasp,mace_runs/h_ads/mp-1225687_h111_t1__ontop_1,-1106.3162841796875,mp-1225687_h111_t1,ontop_1
h_ads,mp-1225687_h111_t1__ontop_2,ads_structures/mp-1225687_h111_t1/ontop_2.vasp,mace_runs/h_ads/mp-1225687_h111_t1__ontop_2,-1106.310302734375,mp-1225687_h111_t1,ontop_2
h_ads,mp-1225687_h111_t1__ontop_3,ads_structures/mp-1225687_h111_t1/ontop_3.vasp,mace_runs/h_ads/mp-1225687_h111_t1__ontop_3,-1106.3291015625,mp-1225687_h111_t1,ontop_3
h_ads,mp-1225687_h111_t1__ontop_4,ads_structures/mp-1225687_h111_t1/ontop_4.vasp,mace_runs/h_ads/mp-1225687_h111_t1__ontop_4,-1106.2919921875,mp-1225687_h111_t1,ontop_4
h_ads,mp-1225687_h111_t1__bridge_0,ads_structures/mp-1225687_h111_t1/bridge_0.vasp,mace_runs/h_ads/mp-1225687_h111_t1__bridge_0,-1106.2314453125,mp-1225687_h111_t1,bridge_0
h_ads,mp-1225687_h111_t1__bridge_1,ads_structures/mp-1225687_h111_t1/bridge_1.vasp,mace_runs/h_ads/mp-1225687_h111_t1__bridge_1,-1106.2183837890625,mp-1225687_h111_t1,bridge_1
h_ads,mp-1225687_h111_t1__bridge_2,ads_structures/mp-1225687_h111_t1/bridge_2.vasp,mace_runs/h_ads/mp-1225687_h111_t1__bridge_2,-1106.3740234375,mp-1225687_h111_t1,bridge_2
h_ads,mp-1225687_h111_t1__bridge_3,ads_structures/mp-1225687_h111_t1/bridge_3.vasp,mace_runs/h_ads/mp-1225687_h111_t1__bridge_3,-1106.338623046875,mp-1225687_h111_t1,bridge_3
h_ads,mp-1225687_h111_t1__bridge_4,ads_structures/mp-1225687_h111_t1/bridge_4.vasp,mace_runs/h_ads/mp-1225687_h111_t1__bridge_4,-1106.40869140625,mp-1225687_h111_t1,bridge_4
h_ads,mp-1225687_h111_t1__bridge_5,ads_structures/mp-1225687_h111_t1/bridge_5.vasp,mace_runs/h_ads/mp-1225687_h111_t1__bridge_5,-1106.266357421875,mp-1225687_h111_t1,bridge_5
h_ads,mp-1225687_h111_t1__bridge_6,ads_structures/mp-1225687_h111_t1/bridge_6.vasp,mace_runs/h_ads/mp-1225687_h111_t1__bridge_6,-1106.48095703125,mp-1225687_h111_t1,bridge_6
h_ads,mp-1225687_h111_t1__bridge_7,ads_structures/mp-1225687_h111_t1/bridge_7.vasp,mace_runs/h_ads/mp-1225687_h111_t1__bridge_7,-1106.443603515625,mp-1225687_h111_t1,bridge_7
h_ads,mp-1225687_h111_t1__bridge_8,ads_structures/mp-1225687_h111_t1/bridge_8.vasp,mace_runs/h_ads/mp-1225687_h111_t1__bridge_8,-1106.328125,mp-1225687_h111_t1,bridge_8
h_ads,mp-1225687_h111_t1__bridge_9,ads_structures/mp-1225687_h111_t1/bridge_9.vasp,mace_runs/h_ads/mp-1225687_h111_t1__bridge_9,-1106.3682861328125,mp-1225687_h111_t1,bridge_9
h_ads,mp-1225687_h111_t1__bridge_10,ads_structures/mp-1225687_h111_t1/bridge_10.vasp,mace_runs/h_ads/mp-1225687_h111_t1__bridge_10,-1106.20751953125,mp-1225687_h111_t1,bridge_10
h_ads,mp-1225687_h111_t1__bridge_11,ads_structures/mp-1225687_h111_t1/bridge_11.vasp,mace_runs/h_ads/mp-1225687_h111_t1__bridge_11,-1106.209228515625,mp-1225687_h111_t1,bridge_11
h_ads,mp-1225687_h111_t1__bridge_12,ads_structures/mp-1225687_h111_t1/bridge_12.vasp,mace_runs/h_ads/mp-1225687_h111_t1__bridge_12,-1106.251708984375,mp-1225687_h111_t1,bridge_12
h_ads,mp-1225687_h111_t1__bridge_13,ads_structures/mp-1225687_h111_t1/bridge_13.vasp,mace_runs/h_ads/mp-1225687_h111_t1__bridge_13,-1106.4820556640625,mp-1225687_h111_t1,bridge_13
h_ads,mp-1225687_h111_t1__bridge_14,ads_structures/mp-1225687_h111_t1/bridge_14.vasp,mace_runs/h_ads/mp-1225687_h111_t1__bridge_14,-1106.3453369140625,mp-1225687_h111_t1,bridge_14
h_ads,mp-1225687_h111_t1__hollow_0,ads_structures/mp-1225687_h111_t1/hollow_0.vasp,mace_runs/h_ads/mp-1225687_h111_t1__hollow_0,-1106.3885498046875,mp-1225687_h111_t1,hollow_0
h_ads,mp-1225687_h111_t1__hollow_1,ads_structures/mp-1225687_h111_t1/hollow_1.vasp,mace_runs/h_ads/mp-1225687_h111_t1__hollow_1,-1106.2127685546875,mp-1225687_h111_t1,hollow_1
h_ads,mp-1225687_h111_t1__hollow_2,ads_structures/mp-1225687_h111_t1/hollow_2.vasp,mace_runs/h_ads/mp-1225687_h111_t1__hollow_2,-1106.452392578125,mp-1225687_h111_t1,hollow_2
h_ads,mp-1225687_h111_t1__hollow_3,ads_structures/mp-1225687_h111_t1/hollow_3.vasp,mace_runs/h_ads/mp-1225687_h111_t1__hollow_3,-1106.46826171875,mp-1225687_h111_t1,hollow_3
h_ads,mp-1225687_h111_t1__hollow_4,ads_structures/mp-1225687_h111_t1/hollow_4.vasp,mace_runs/h_ads/mp-1225687_h111_t1__hollow_4,-1106.42041015625,mp-1225687_h111_t1,hollow_4
h_ads,mp-1225687_h111_t1__hollow_5,ads_structures/mp-1225687_h111_t1/hollow_5.vasp,mace_runs/h_ads/mp-1225687_h111_t1__hollow_5,-1106.3587646484375,mp-1225687_h111_t1,hollow_5
h_ads,mp-1225687_h111_t1__hollow_6,ads_structures/mp-1225687_h111_t1/hollow_6.vasp,mace_runs/h_ads/mp-1225687_h111_t1__hollow_6,-1106.1806640625,mp-1225687_h111_t1,hollow_6
h_ads,mp-1225687_h111_t1__hollow_7,ads_structures/mp-1225687_h111_t1/hollow_7.vasp,mace_runs/h_ads/mp-1225687_h111_t1__hollow_7,-1106.26123046875,mp-1225687_h111_t1,hollow_7
h_ads,mp-1225687_h111_t1__hollow_8,ads_structures/mp-1225687_h111_t1/hollow_8.vasp,mace_runs/h_ads/mp-1225687_h111_t1__hollow_8,-1106.4659423828125,mp-1225687_h111_t1,hollow_8
h_ads,mp-1225687_h111_t1__hollow_9,ads_structures/mp-1225687_h111_t1/hollow_9.vasp,mace_runs/h_ads/mp-1225687_h111_t1__hollow_9,-1106.362548828125,mp-1225687_h111_t1,hollow_9
h_ads,mp-12608_h110_t0__ontop_0,ads_structures/mp-12608_h110_t0/ontop_0.vasp,mace_runs/h_ads/mp-12608_h110_t0__ontop_0,-994.5326538085938,mp-12608_h110_t0,ontop_0
h_ads,mp-12608_h110_t0__bridge_0,ads_structures/mp-12608_h110_t0/bridge_0.vasp,mace_runs/h_ads/mp-12608_h110_t0__bridge_0,-994.7067260742188,mp-12608_h110_t0,bridge_0
h_ads,mp-12608_h110_t0__bridge_1,ads_structures/mp-12608_h110_t0/bridge_1.vasp,mace_runs/h_ads/mp-12608_h110_t0__bridge_1,-994.2586669921875,mp-12608_h110_t0,bridge_1
h_ads,mp-12608_h110_t0__bridge_2,ads_structures/mp-12608_h110_t0/bridge_2.vasp,mace_runs/h_ads/mp-12608_h110_t0__bridge_2,-993.9950561523438,mp-12608_h110_t0,bridge_2
h_ads,mp-12608_h110_t0__bridge_3,ads_structures/mp-12608_h110_t0/bridge_3.vasp,mace_runs/h_ads/mp-12608_h110_t0__bridge_3,-994.2100219726562,mp-12608_h110_t0,bridge_3
h_ads,mp-12608_h110_t0__bridge_4,ads_structures/mp-12608_h110_t0/bridge_4.vasp,mace_runs/h_ads/mp-12608_h110_t0__bridge_4,-994.6153564453125,mp-12608_h110_t0,bridge_4
h_ads,mp-12608_h110_t0__bridge_5,ads_structures/mp-12608_h110_t0/bridge_5.vasp,mace_runs/h_ads/mp-12608_h110_t0__bridge_5,-994.0155639648438,mp-12608_h110_t0,bridge_5
h_ads,mp-12608_h110_t0__bridge_6,ads_structures/mp-12608_h110_t0/bridge_6.vasp,mace_runs/h_ads/mp-12608_h110_t0__bridge_6,-994.7687377929688,mp-12608_h110_t0,bridge_6
h_ads,mp-12608_h110_t0__bridge_7,ads_structures/mp-12608_h110_t0/bridge_7.vasp,mace_runs/h_ads/mp-12608_h110_t0__bridge_7,-994.105224609375,mp-12608_h110_t0,bridge_7
h_ads,mp-12608_h110_t1__ontop_0,ads_structures/mp-12608_h110_t1/ontop_0.vasp,mace_runs/h_ads/mp-12608_h110_t1__ontop_0,-990.530029296875,mp-12608_h110_t1,ontop_0
h_ads,mp-12608_h110_t1__ontop_1,ads_structures/mp-12608_h110_t1/ontop_1.vasp,mace_runs/h_ads/mp-12608_h110_t1__ontop_1,-991.418701171875,mp-12608_h110_t1,ontop_1
h_ads,mp-12608_h110_t1__ontop_2,ads_structures/mp-12608_h110_t1/ontop_2.vasp,mace_runs/h_ads/mp-12608_h110_t1__ontop_2,-991.2630004882812,mp-12608_h110_t1,ontop_2
h_ads,mp-12608_h110_t1__ontop_3,ads_structures/mp-12608_h110_t1/ontop_3.vasp,mace_runs/h_ads/mp-12608_h110_t1__ontop_3,-991.580810546875,mp-12608_h110_t1,ontop_3
h_ads,mp-12608_h110_t1__bridge_0,ads_structures/mp-12608_h110_t1/bridge_0.vasp,mace_runs/h_ads/mp-12608_h110_t1__bridge_0,-991.5850219726562,mp-12608_h110_t1,bridge_0
h_ads,mp-12608_h110_t1__bridge_1,ads_structures/mp-12608_h110_t1/bridge_1.vasp,mace_runs/h_ads/mp-12608_h110_t1__bridge_1,-991.6725463867188,mp-12608_h110_t1,bridge_1
h_ads,mp-12608_h110_t1__bridge_2,ads_structures/mp-12608_h110_t1/bridge_2.vasp,mace_runs/h_ads/mp-12608_h110_t1__bridge_2,-991.66845703125,mp-12608_h110_t1,bridge_2
h_ads,mp-12608_h110_t1__bridge_3,ads_structures/mp-12608_h110_t1/bridge_3.vasp,mace_runs/h_ads/mp-12608_h110_t1__bridge_3,-991.4443359375,mp-12608_h110_t1,bridge_3
h_ads,mp-12608_h110_t1__bridge_4,ads_structures/mp-12608_h110_t1/bridge_4.vasp,mace_runs/h_ads/mp-12608_h110_t1__bridge_4,-991.5834350585938,mp-12608_h110_t1,bridge_4
h_ads,mp-12798_h100_t0__ontop_0,ads_structures/mp-12798_h100_t0/ontop_0.vasp,mace_runs/h_ads/mp-12798_h100_t0__ontop_0,-322.25592041015625,mp-12798_h100_t0,ontop_0
h_ads,mp-12798_h100_t0__ontop_1,ads_structures/mp-12798_h100_t0/ontop_1.vasp,mace_runs/h_ads/mp-12798_h100_t0__ontop_1,-322.4679870605469,mp-12798_h100_t0,ontop_1
h_ads,mp-12798_h100_t0__bridge_0,ads_structures/mp-12798_h100_t0/bridge_0.vasp,mace_runs/h_ads/mp-12798_h100_t0__bridge_0,-322.7635803222656,mp-12798_h100_t0,bridge_0
h_ads,mp-12798_h100_t0__bridge_1,ads_structures/mp-12798_h100_t0/bridge_1.vasp,mace_runs/h_ads/mp-12798_h100_t0__bridge_1,-322.6901550292969,mp-12798_h100_t0,bridge_1
h_ads,mp-12798_h100_t1__ontop_0,ads_structures/mp-12798_h100_t1/ontop_0.vasp,mace_runs/h_ads/mp-12798_h100_t1__ontop_0,-315.9750671386719,mp-12798_h100_t1,ontop_0
h_ads,mp-12798_h100_t1__bridge_0,ads_structures/mp-12798_h100_t1/bridge_0.vasp,mace_runs/h_ads/mp-12798_h100_t1__bridge_0,-316.39141845703125,mp-12798_h100_t1,bridge_0
h_ads,mp-12798_h100_t1__bridge_1,ads_structures/mp-12798_h100_t1/bridge_1.vasp,mace_runs/h_ads/mp-12798_h100_t1__bridge_1,-316.23175048828125,mp-12798_h100_t1,bridge_1
h_ads,mp-12798_h100_t1__bridge_2,ads_structures/mp-12798_h100_t1/bridge_2.vasp,mace_runs/h_ads/mp-12798_h100_t1__bridge_2,-316.37255859375,mp-12798_h100_t1,bridge_2
h_ads,mp-12798_h110_t0__ontop_0,ads_structures/mp-12798_h110_t0/ontop_0.vasp,mace_runs/h_ads/mp-12798_h110_t0__ontop_0,-408.2955017089844,mp-12798_h110_t0,ontop_0
h_ads,mp-12798_h110_t0__ontop_1,ads_structures/mp-12798_h110_t0/ontop_1.vasp,mace_runs/h_ads/mp-12798_h110_t0__ontop_1,-408.54766845703125,mp-12798_h110_t0,ontop_1
h_ads,mp-12798_h110_t0__bridge_0,ads_structures/mp-12798_h110_t0/bridge_0.vasp,mace_runs/h_ads/mp-12798_h110_t0__bridge_0,-408.79833984375,mp-12798_h110_t0,bridge_0
h_ads,mp-12798_h110_t0__bridge_1,ads_structures/mp-12798_h110_t0/bridge_1.vasp,mace_runs/h_ads/mp-12798_h110_t0__bridge_1,-408.79541015625,mp-12798_h110_t0,bridge_1
h_ads,mp-12798_h110_t0__bridge_2,ads_structures/mp-12798_h110_t0/bridge_2.vasp,mace_runs/h_ads/mp-12798_h110_t0__bridge_2,-408.8729248046875,mp-12798_h110_t0,bridge_2
h_ads,mp-12798_h110_t0__bridge_3,ads_structures/mp-12798_h110_t0/bridge_3.vasp,mace_runs/h_ads/mp-12798_h110_t0__bridge_3,-408.72650146484375,mp-12798_h110_t0,bridge_3
h_ads,mp-12798_h110_t1__ontop_0,ads_structures/mp-12798_h110_t1/ontop_0.vasp,mace_runs/h_ads/mp-12798_h110_t1__ontop_0,-404.8415222167969,mp-12798_h110_t1,ontop_0
h_ads,mp-12798_h110_t1__bridge_0,ads_structures/mp-12798_h110_t1/bridge_0.vasp,mace_runs/h_ads/mp-12798_h110_t1__bridge_0,-404.7135925292969,mp-12798_h110_t1,bridge_0
h_ads,mp-12798_h110_t1__bridge_1,ads_structures/mp-12798_h110_t1/bridge_1.vasp,mace_runs/h_ads/mp-12798_h110_t1__bridge_1,-404.6716003417969,mp-12798_h110_t1,bridge_1
h_ads,mp-12798_h110_t1__bridge_2,ads_structures/mp-12798_h110_t1/bridge_2.vasp,mace_runs/h_ads/mp-12798_h110_t1__bridge_2,-404.56060791015625,mp-12798_h110_t1,bridge_2
h_ads,mp-12798_h110_t1__bridge_3,ads_structures/mp-12798_h110_t1/bridge_3.vasp,mace_runs/h_ads/mp-12798_h110_t1__bridge_3,-404.6401062011719,mp-12798_h110_t1,bridge_3
h_ads,mp-12798_h110_t1__bridge_4,ads_structures/mp-12798_h110_t1/bridge_4.vasp,mace_runs/h_ads/mp-12798_h110_t1__bridge_4,-404.84393310546875,mp-12798_h110_t1,bridge_4
h_ads,mp-12798_h111_t0__ontop_0,ads_structures/mp-12798_h111_t0/ontop_0.vasp,mace_runs/h_ads/mp-12798_h111_t0__ontop_0,-550.0154418945312,mp-12798_h111_t0,ontop_0
h_ads,mp-12798_h111_t0__ontop_1,ads_structures/mp-12798_h111_t0/ontop_1.vasp,mace_runs/h_ads/mp-12798_h111_t0__ontop_1,-550.252197265625,mp-12798_h111_t0,ontop_1
h_ads,mp-12798_h111_t0__bridge_0,ads_structures/mp-12798_h111_t0/bridge_0.vasp,mace_runs/h_ads/mp-12798_h111_t0__bridge_0,-550.5047607421875,mp-12798_h111_t0,bridge_0
h_ads,mp-12798_h111_t0__bridge_1,ads_structures/mp-12798_h111_t0/bridge_1.vasp,mace_runs/h_ads/mp-12798_h111_t0__bridge_1,-550.41943359375,mp-12798_h111_t0,bridge_1
h_ads,mp-12798_h111_t0__bridge_2,ads_structures/mp-12798_h111_t0/bridge_2.vasp,mace_runs/h_ads/mp-12798_h111_t0__bridge_2,-550.488037109375,mp-12798_h111_t0,bridge_2
h_ads,mp-12798_h111_t0__hollow_0,ads_structures/mp-12798_h111_t0/hollow_0.vasp,mace_runs/h_ads/mp-12798_h111_t0__hollow_0,-550.505859375,mp-12798_h111_t0,hollow_0
h_ads,mp-12798_h111_t0__hollow_1,ads_structures/mp-12798_h111_t0/hollow_1.vasp,mace_runs/h_ads/mp-12798_h111_t0__hollow_1,-550.4903564453125,mp-12798_h111_t0,hollow_1
h_ads,mp-12798_h111_t0__hollow_2,ads_structures/mp-12798_h111_t0/hollow_2.vasp,mace_runs/h_ads/mp-12798_h111_t0__hollow_2,-550.513427734375,mp-12798_h111_t0,hollow_2
h_ads,mp-12798_h111_t0__hollow_3,ads_structures/mp-12798_h111_t0/hollow_3.vasp,mace_runs/h_ads/mp-12798_h111_t0__hollow_3,-550.4947509765625,mp-12798_h111_t0,hollow_3
h_ads,mp-644311_h100_t0__ontop_0,ads_structures/mp-644311_h100_t0/ontop_0.vasp,mace_runs/h_ads/mp-644311_h100_t0__ontop_0,-727.3184814453125,mp-644311_h100_t0,ontop_0
h_ads,mp-644311_h100_t0__ontop_1,ads_structures/mp-644311_h100_t0/ontop_1.vasp,mace_runs/h_ads/mp-644311_h100_t0__ontop_1,-727.468994140625,mp-644311_h100_t0,ontop_1
h_ads,mp-644311_h100_t0__ontop_2,ads_structures/mp-644311_h100_t0/ontop_2.vasp,mace_runs/h_ads/mp-644311_h100_t0__ontop_2,-727.1279296875,mp-644311_h100_t0,ontop_2
h_ads,mp-644311_h100_t0__ontop_3,ads_structures/mp-644311_h100_t0/ontop_3.vasp,mace_runs/h_ads/mp-644311_h100_t0__ontop_3,-727.1022338867188,mp-644311_h100_t0,ontop_3
h_ads,mp-644311_h100_t0__bridge_0,ads_structures/mp-644311_h100_t0/bridge_0.vasp,mace_runs/h_ads/mp-644311_h100_t0__bridge_0,-727.203125,mp-644311_h100_t0,bridge_0
h_ads,mp-644311_h100_t0__bridge_1,ads_structures/mp-644311_h100_t0/bridge_1.vasp,mace_runs/h_ads/mp-644311_h100_t0__bridge_1,-726.6842041015625,mp-644311_h100_t0,bridge_1
h_ads,mp-644311_h100_t0__bridge_2,ads_structures/mp-644311_h100_t0/bridge_2.vasp,mace_runs/h_ads/mp-644311_h100_t0__bridge_2,-727.3109741210938,mp-644311_h100_t0,bridge_2
h_ads,mp-644311_h100_t0__bridge_3,ads_structures/mp-644311_h100_t0/bridge_3.vasp,mace_runs/h_ads/mp-644311_h100_t0__bridge_3,-727.110107421875,mp-644311_h100_t0,bridge_3
h_ads,mp-644311_h100_t0__bridge_4,ads_structures/mp-644311_h100_t0/bridge_4.vasp,mace_runs/h_ads/mp-644311_h100_t0__bridge_4,-727.4761962890625,mp-644311_h100_t0,bridge_4
h_ads,mp-644311_h100_t0__bridge_5,ads_structures/mp-644311_h100_t0/bridge_5.vasp,mace_runs/h_ads/mp-644311_h100_t0__bridge_5,-727.4801635742188,mp-644311_h100_t0,bridge_5
h_ads,mp-644311_h100_t0__bridge_6,ads_structures/mp-644311_h100_t0/bridge_6.vasp,mace_runs/h_ads/mp-644311_h100_t0__bridge_6,-727.4749755859375,mp-644311_h100_t0,bridge_6
h_ads,mp-644311_h100_t0__bridge_7,ads_structures/mp-644311_h100_t0/bridge_7.vasp,mace_runs/h_ads/mp-644311_h100_t0__bridge_7,-727.12744140625,mp-644311_h100_t0,bridge_7
h_ads,mp-644311_h100_t0__hollow_0,ads_structures/mp-644311_h100_t0/hollow_0.vasp,mace_runs/h_ads/mp-644311_h100_t0__hollow_0,-727.2094116210938,mp-644311_h100_t0,hollow_0
h_ads,mp-644311_h100_t0__hollow_1,ads_structures/mp-644311_h100_t0/hollow_1.vasp,mace_runs/h_ads/mp-644311_h100_t0__hollow_1,-727.3175048828125,mp-644311_h100_t0,hollow_1
h_ads,mp-644311_h100_t0__hollow_2,ads_structures/mp-644311_h100_t0/hollow_2.vasp,mace_runs/h_ads/mp-644311_h100_t0__hollow_2,-727.0941162109375,mp-644311_h100_t0,hollow_2
h_ads,mp-644311_h100_t0__hollow_3,ads_structures/mp-644311_h100_t0/hollow_3.vasp,mace_runs/h_ads/mp-644311_h100_t0__hollow_3,-727.3163452148438,mp-644311_h100_t0,hollow_3
h_ads,mp-644311_h100_t0__hollow_4,ads_structures/mp-644311_h100_t0/hollow_4.vasp,mace_runs/h_ads/mp-644311_h100_t0__hollow_4,-727.4808349609375,mp-644311_h100_t0,hollow_4
h_ads,mp-644311_h100_t0__hollow_5,ads_structures/mp-644311_h100_t0/hollow_5.vasp,mace_runs/h_ads/mp-644311_h100_t0__hollow_5,-727.4766845703125,mp-644311_h100_t0,hollow_5
h_ads,mp-644311_h100_t0__hollow_6,ads_structures/mp-644311_h100_t0/hollow_6.vasp,mace_runs/h_ads/mp-644311_h100_t0__hollow_6,-727.2044677734375,mp-644311_h100_t0,hollow_6
h_ads,mp-644311_h100_t0__hollow_7,ads_structures/mp-644311_h100_t0/hollow_7.vasp,mace_runs/h_ads/mp-644311_h100_t0__hollow_7,-727.1277465820312,mp-644311_h100_t0,hollow_7
h_ads,mp-644311_h110_t0__ontop_0,ads_structures/mp-644311_h110_t0/ontop_0.vasp,mace_runs/h_ads/mp-644311_h110_t0__ontop_0,-360.76885986328125,mp-644311_h110_t0,ontop_0
h_ads,mp-644311_h110_t0__ontop_1,ads_structures/mp-644311_h110_t0/ontop_1.vasp,mace_runs/h_ads/mp-644311_h110_t0__ontop_1,-361.7646179199219,mp-644311_h110_t0,ontop_1
h_ads,mp-644311_h110_t0__bridge_0,ads_structures/mp-644311_h110_t0/bridge_0.vasp,mace_runs/h_ads/mp-644311_h110_t0__bridge_0,-361.84613037109375,mp-644311_h110_t0,bridge_0
h_ads,mp-644311_h110_t0__bridge_1,ads_structures/mp-644311_h110_t0/bridge_1.vasp,mace_runs/h_ads/mp-644311_h110_t0__bridge_1,-361.19482421875,mp-644311_h110_t0,bridge_1
h_ads,mp-644311_h110_t0__bridge_2,ads_structures/mp-644311_h110_t0/bridge_2.vasp,mace_runs/h_ads/mp-644311_h110_t0__bridge_2,-361.7623596191406,mp-644311_h110_t0,bridge_2
h_ads,mp-644311_h110_t0__bridge_3,ads_structures/mp-644311_h110_t0/bridge_3.vasp,mace_runs/h_ads/mp-644311_h110_t0__bridge_3,-361.60235595703125,mp-644311_h110_t0,bridge_3
h_ads,mp-644311_h110_t0__hollow_0,ads_structures/mp-644311_h110_t0/hollow_0.vasp,mace_runs/h_ads/mp-644311_h110_t0__hollow_0,-361.842041015625,mp-644311_h110_t0,hollow_0
h_ads,mp-644311_h110_t0__hollow_1,ads_structures/mp-644311_h110_t0/hollow_1.vasp,mace_runs/h_ads/mp-644311_h110_t0__hollow_1,-361.84442138671875,mp-644311_h110_t0,hollow_1
h_ads,mp-644311_h111_t0__ontop_0,ads_structures/mp-644311_h111_t0/ontop_0.vasp,mace_runs/h_ads/mp-644311_h111_t0__ontop_0,-1059.789794921875,mp-644311_h111_t0,ontop_0
h_ads,mp-644311_h111_t0__ontop_1,ads_structures/mp-644311_h111_t0/ontop_1.vasp,mace_runs/h_ads/mp-644311_h111_t0__ontop_1,-1059.7894287109375,mp-644311_h111_t0,ontop_1
h_ads,mp-644311_h111_t0__ontop_2,ads_structures/mp-644311_h111_t0/ontop_2.vasp,mace_runs/h_ads/mp-644311_h111_t0__ontop_2,-1059.708740234375,mp-644311_h111_t0,ontop_2
h_ads,mp-644311_h111_t0__ontop_3,ads_structures/mp-644311_h111_t0/ontop_3.vasp,mace_runs/h_ads/mp-644311_h111_t0__ontop_3,-1059.793701171875,mp-644311_h111_t0,ontop_3
h_ads,mp-644311_h111_t0__bridge_0,ads_structures/mp-644311_h111_t0/bridge_0.vasp,mace_runs/h_ads/mp-644311_h111_t0__bridge_0,-1059.6600341796875,mp-644311_h111_t0,bridge_0
h_ads,mp-644311_h111_t0__bridge_1,ads_structures/mp-644311_h111_t0/bridge_1.vasp,mace_runs/h_ads/mp-644311_h111_t0__bridge_1,-1059.7149658203125,mp-644311_h111_t0,bridge_1
h_ads,mp-644311_h111_t0__bridge_2,ads_structures/mp-644311_h111_t0/bridge_2.vasp,mace_runs/h_ads/mp-644311_h111_t0__bridge_2,-1059.77099609375,mp-644311_h111_t0,bridge_2
h_ads,mp-644311_h111_t0__bridge_3,ads_structures/mp-644311_h111_t0/bridge_3.vasp,mace_runs/h_ads/mp-644311_h111_t0__bridge_3,-1059.7113037109375,mp-644311_h111_t0,bridge_3
h_ads,mp-644311_h111_t0__bridge_4,ads_structures/mp-644311_h111_t0/bridge_4.vasp,mace_runs/h_ads/mp-644311_h111_t0__bridge_4,-1059.7156982421875,mp-644311_h111_t0,bridge_4
h_ads,mp-644311_h111_t0__bridge_5,ads_structures/mp-644311_h111_t0/bridge_5.vasp,mace_runs/h_ads/mp-644311_h111_t0__bridge_5,-1059.7791748046875,mp-644311_h111_t0,bridge_5
h_ads,mp-644311_h111_t0__bridge_6,ads_structures/mp-644311_h111_t0/bridge_6.vasp,mace_runs/h_ads/mp-644311_h111_t0__bridge_6,-1059.767333984375,mp-644311_h111_t0,bridge_6
h_ads,mp-644311_h111_t0__bridge_7,ads_structures/mp-644311_h111_t0/bridge_7.vasp,mace_runs/h_ads/mp-644311_h111_t0__bridge_7,-1059.720947265625,mp-644311_h111_t0,bridge_7
h_ads,mp-644311_h111_t0__bridge_8,ads_structures/mp-644311_h111_t0/bridge_8.vasp,mace_runs/h_ads/mp-644311_h111_t0__bridge_8,-1059.88134765625,mp-644311_h111_t0,bridge_8
h_ads,mp-644311_h111_t0__bridge_9,ads_structures/mp-644311_h111_t0/bridge_9.vasp,mace_runs/h_ads/mp-644311_h111_t0__bridge_9,-1059.774658203125,mp-644311_h111_t0,bridge_9
h_ads,mp-644311_h111_t0__bridge_10,ads_structures/mp-644311_h111_t0/bridge_10.vasp,mace_runs/h_ads/mp-644311_h111_t0__bridge_10,-1059.71044921875,mp-644311_h111_t0,bridge_10
h_ads,mp-644311_h111_t0__bridge_11,ads_structures/mp-644311_h111_t0/bridge_11.vasp,mace_runs/h_ads/mp-644311_h111_t0__bridge_11,-1059.7952880859375,mp-644311_h111_t0,bridge_11
h_ads,mp-644311_h111_t0__hollow_0,ads_structures/mp-644311_h111_t0/hollow_0.vasp,mace_runs/h_ads/mp-644311_h111_t0__hollow_0,-1059.8831787109375,mp-644311_h111_t0,hollow_0
h_ads,mp-644311_h111_t0__hollow_1,ads_structures/mp-644311_h111_t0/hollow_1.vasp,mace_runs/h_ads/mp-644311_h111_t0__hollow_1,-1059.70361328125,mp-644311_h111_t0,hollow_1
h_ads,mp-644311_h111_t0__hollow_2,ads_structures/mp-644311_h111_t0/hollow_2.vasp,mace_runs/h_ads/mp-644311_h111_t0__hollow_2,-1059.801513671875,mp-644311_h111_t0,hollow_2
h_ads,mp-644311_h111_t0__hollow_3,ads_structures/mp-644311_h111_t0/hollow_3.vasp,mace_runs/h_ads/mp-644311_h111_t0__hollow_3,-1059.790771484375,mp-644311_h111_t0,hollow_3
h_ads,mp-644311_h111_t0__hollow_4,ads_structures/mp-644311_h111_t0/hollow_4.vasp,mace_runs/h_ads/mp-644311_h111_t0__hollow_4,-1059.8077392578125,mp-644311_h111_t0,hollow_4
h_ads,mp-644311_h111_t0__hollow_5,ads_structures/mp-644311_h111_t0/hollow_5.vasp,mace_runs/h_ads/mp-644311_h111_t0__hollow_5,-1059.80419921875,mp-644311_h111_t0,hollow_5
h_ads,mp-644311_h111_t1__ontop_0,ads_structures/mp-644311_h111_t1/ontop_0.vasp,mace_runs/h_ads/mp-644311_h111_t1__ontop_0,-1053.4315185546875,mp-644311_h111_t1,ontop_0
h_ads,mp-644311_h111_t1__ontop_1,ads_structures/mp-644311_h111_t1/ontop_1.vasp,mace_runs/h_ads/mp-644311_h111_t1__ontop_1,-1053.4591064453125,mp-644311_h111_t1,ontop_1
h_ads,mp-644311_h111_t1__ontop_2,ads_structures/mp-644311_h111_t1/ontop_2.vasp,mace_runs/h_ads/mp-644311_h111_t1__ontop_2,-1053.374267578125,mp-644311_h111_t1,ontop_2
h_ads,mp-644311_h111_t1__ontop_3,ads_structures/mp-644311_h111_t1/ontop_3.vasp,mace_runs/h_ads/mp-644311_h111_t1__ontop_3,-1053.380126953125,mp-644311_h111_t1,ontop_3
h_ads,mp-644311_h111_t1__bridge_0,ads_structures/mp-644311_h111_t1/bridge_0.vasp,mace_runs/h_ads/mp-644311_h111_t1__bridge_0,-1053.4466552734375,mp-644311_h111_t1,bridge_0
h_ads,mp-644311_h111_t1__bridge_1,ads_structures/mp-644311_h111_t1/bridge_1.vasp,mace_runs/h_ads/mp-644311_h111_t1__bridge_1,-1053.404296875,mp-644311_h111_t1,bridge_1
h_ads,mp-644311_h111_t1__bridge_2,ads_structures/mp-644311_h111_t1/bridge_2.vasp,mace_runs/h_ads/mp-644311_h111_t1__bridge_2,-1053.42822265625,mp-644311_h111_t1,bridge_2
h_ads,mp-644311_h111_t1__bridge_3,ads_structures/mp-644311_h111_t1/bridge_3.vasp,mace_runs/h_ads/mp-644311_h111_t1__bridge_3,-1053.3958740234375,mp-644311_h111_t1,bridge_3
h_ads,mp-644311_h111_t1__bridge_4,ads_structures/mp-644311_h111_t1/bridge_4.vasp,mace_runs/h_ads/mp-644311_h111_t1__bridge_4,-1053.4493408203125,mp-644311_h111_t1,bridge_4
h_ads,mp-644311_h111_t1__bridge_5,ads_structures/mp-644311_h111_t1/bridge_5.vasp,mace_runs/h_ads/mp-644311_h111_t1__bridge_5,-1053.6190185546875,mp-644311_h111_t1,bridge_5
h_ads,mp-644311_h111_t1__bridge_6,ads_structures/mp-644311_h111_t1/bridge_6.vasp,mace_runs/h_ads/mp-644311_h111_t1__bridge_6,-1053.3729248046875,mp-644311_h111_t1,bridge_6
h_ads,mp-644311_h111_t1__bridge_7,ads_structures/mp-644311_h111_t1/bridge_7.vasp,mace_runs/h_ads/mp-644311_h111_t1__bridge_7,-1053.405517578125,mp-644311_h111_t1,bridge_7
h_ads,mp-644311_h111_t1__bridge_8,ads_structures/mp-644311_h111_t1/bridge_8.vasp,mace_runs/h_ads/mp-644311_h111_t1__bridge_8,-1053.18701171875,mp-644311_h111_t1,bridge_8
h_ads,mp-644311_h111_t1__bridge_9,ads_structures/mp-644311_h111_t1/bridge_9.vasp,mace_runs/h_ads/mp-644311_h111_t1__bridge_9,-1053.3759765625,mp-644311_h111_t1,bridge_9
h_ads,mp-644311_h111_t1__bridge_10,ads_structures/mp-644311_h111_t1/bridge_10.vasp,mace_runs/h_ads/mp-644311_h111_t1__bridge_10,-1053.4339599609375,mp-644311_h111_t1,bridge_10
h_ads,mp-644311_h111_t1__bridge_11,ads_structures/mp-644311_h111_t1/bridge_11.vasp,mace_runs/h_ads/mp-644311_h111_t1__bridge_11,-1053.402099609375,mp-644311_h111_t1,bridge_11
h_ads,mp-644311_h111_t1__hollow_0,ads_structures/mp-644311_h111_t1/hollow_0.vasp,mace_runs/h_ads/mp-644311_h111_t1__hollow_0,-1053.6158447265625,mp-644311_h111_t1,hollow_0
h_ads,mp-644311_h111_t1__hollow_1,ads_structures/mp-644311_h111_t1/hollow_1.vasp,mace_runs/h_ads/mp-644311_h111_t1__hollow_1,-1053.4466552734375,mp-644311_h111_t1,hollow_1
h_ads,mp-644311_h111_t1__hollow_2,ads_structures/mp-644311_h111_t1/hollow_2.vasp,mace_runs/h_ads/mp-644311_h111_t1__hollow_2,-1053.43798828125,mp-644311_h111_t1,hollow_2
h_ads,mp-644311_h111_t1__hollow_3,ads_structures/mp-644311_h111_t1/hollow_3.vasp,mace_runs/h_ads/mp-644311_h111_t1__hollow_3,-1053.48095703125,mp-644311_h111_t1,hollow_3
h_ads,mp-644311_h111_t1__hollow_4,ads_structures/mp-644311_h111_t1/hollow_4.vasp,mace_runs/h_ads/mp-644311_h111_t1__hollow_4,-1053.4693603515625,mp-644311_h111_t1,hollow_4
h_ads,mp-644311_h111_t1__hollow_5,ads_structures/mp-644311_h111_t1/hollow_5.vasp,mace_runs/h_ads/mp-644311_h111_t1__hollow_5,-1053.4842529296875,mp-644311_h111_t1,hollow_5
h_ads,mp-945_h100_t0__ontop_0,ads_structures/mp-945_h100_t0/ontop_0.vasp,mace_runs/h_ads/mp-945_h100_t0__ontop_0,-210.37850952148438,mp-945_h100_t0,ontop_0
h_ads,mp-945_h100_t0__bridge_0,ads_structures/mp-945_h100_t0/bridge_0.vasp,mace_runs/h_ads/mp-945_h100_t0__bridge_0,-210.61439514160156,mp-945_h100_t0,bridge_0
h_ads,mp-945_h100_t0__bridge_1,ads_structures/mp-945_h100_t0/bridge_1.vasp,mace_runs/h_ads/mp-945_h100_t0__bridge_1,-210.7189178466797,mp-945_h100_t0,bridge_1
h_ads,mp-945_h100_t0__bridge_2,ads_structures/mp-945_h100_t0/bridge_2.vasp,mace_runs/h_ads/mp-945_h100_t0__bridge_2,-210.29745483398438,mp-945_h100_t0,bridge_2
h_ads,mp-945_h100_t1__ontop_0,ads_structures/mp-945_h100_t1/ontop_0.vasp,mace_runs/h_ads/mp-945_h100_t1__ontop_0,-207.75469970703125,mp-945_h100_t1,ontop_0
h_ads,mp-945_h100_t1__bridge_0,ads_structures/mp-945_h100_t1/bridge_0.vasp,mace_runs/h_ads/mp-945_h100_t1__bridge_0,-208.12884521484375,mp-945_h100_t1,bridge_0
h_ads,mp-945_h100_t1__bridge_1,ads_structures/mp-945_h100_t1/bridge_1.vasp,mace_runs/h_ads/mp-945_h100_t1__bridge_1,-208.25022888183594,mp-945_h100_t1,bridge_1
h_ads,mp-945_h100_t1__bridge_2,ads_structures/mp-945_h100_t1/bridge_2.vasp,mace_runs/h_ads/mp-945_h100_t1__bridge_2,-208.029052734375,mp-945_h100_t1,bridge_2
h_ads,mp-945_h110_t0__ontop_0,ads_structures/mp-945_h110_t0/ontop_0.vasp,mace_runs/h_ads/mp-945_h110_t0__ontop_0,-326.247802734375,mp-945_h110_t0,ontop_0
h_ads,mp-945_h110_t0__ontop_1,ads_structures/mp-945_h110_t0/ontop_1.vasp,mace_runs/h_ads/mp-945_h110_t0__ontop_1,-326.6138916015625,mp-945_h110_t0,ontop_1
h_ads,mp-945_h110_t0__bridge_0,ads_structures/mp-945_h110_t0/bridge_0.vasp,mace_runs/h_ads/mp-945_h110_t0__bridge_0,-326.69451904296875,mp-945_h110_t0,bridge_0
h_ads,mp-945_h110_t0__bridge_1,ads_structures/mp-945_h110_t0/bridge_1.vasp,mace_runs/h_ads/mp-945_h110_t0__bridge_1,-326.8210144042969,mp-945_h110_t0,bridge_1
h_ads,mp-945_h110_t0__bridge_2,ads_structures/mp-945_h110_t0/bridge_2.vasp,mace_runs/h_ads/mp-945_h110_t0__bridge_2,-326.72900390625,mp-945_h110_t0,bridge_2
h_ads,mp-945_h110_t0__hollow_0,ads_structures/mp-945_h110_t0/hollow_0.vasp,mace_runs/h_ads/mp-945_h110_t0__hollow_0,-326.737060546875,mp-945_h110_t0,hollow_0
h_ads,mp-945_h110_t0__hollow_1,ads_structures/mp-945_h110_t0/hollow_1.vasp,mace_runs/h_ads/mp-945_h110_t0__hollow_1,-326.77081298828125,mp-945_h110_t0,hollow_1
h_ads,mp-945_h111_t0__ontop_0,ads_structures/mp-945_h111_t0/ontop_0.vasp,mace_runs/h_ads/mp-945_h111_t0__ontop_0,-347.7563781738281,mp-945_h111_t0,ontop_0
h_ads,mp-945_h111_t0__ontop_1,ads_structures/mp-945_h111_t0/ontop_1.vasp,mace_runs/h_ads/mp-945_h111_t0__ontop_1,-347.5392150878906,mp-945_h111_t0,ontop_1
h_ads,mp-945_h111_t0__bridge_0,ads_structures/mp-945_h111_t0/bridge_0.vasp,mace_runs/h_ads/mp-945_h111_t0__bridge_0,-347.8245544433594,mp-945_h111_t0,bridge_0
h_ads,mp-945_h111_t0__bridge_1,ads_structures/mp-945_h111_t0/bridge_1.vasp,mace_runs/h_ads/mp-945_h111_t0__bridge_1,-347.75372314453125,mp-945_h111_t0,bridge_1
h_ads,mp-945_h111_t0__bridge_2,ads_structures/mp-945_h111_t0/bridge_2.vasp,mace_runs/h_ads/mp-945_h111_t0__bridge_2,-347.6123962402344,mp-945_h111_t0,bridge_2
h_ads,mp-945_h111_t0__bridge_3,ads_structures/mp-945_h111_t0/bridge_3.vasp,mace_runs/h_ads/mp-945_h111_t0__bridge_3,-347.76104736328125,mp-945_h111_t0,bridge_3
h_ads,mp-945_h111_t0__bridge_4,ads_structures/mp-945_h111_t0/bridge_4.vasp,mace_runs/h_ads/mp-945_h111_t0__bridge_4,-347.74505615234375,mp-945_h111_t0,bridge_4
h_ads,mp-945_h111_t1__ontop_0,ads_structures/mp-945_h111_t1/ontop_0.vasp,mace_runs/h_ads/mp-945_h111_t1__ontop_0,-346.32928466796875,mp-945_h111_t1,ontop_0
h_ads,mp-945_h111_t1__ontop_1,ads_structures/mp-945_h111_t1/ontop_1.vasp,mace_runs/h_ads/mp-945_h111_t1__ontop_1,-345.7935791015625,mp-945_h111_t1,ontop_1
h_ads,mp-945_h111_t1__bridge_0,ads_structures/mp-945_h111_t1/bridge_0.vasp,mace_runs/h_ads/mp-945_h111_t1__bridge_0,-346.3197326660156,mp-945_h111_t1,bridge_0
h_ads,mp-945_h111_t1__bridge_1,ads_structures/mp-945_h111_t1/bridge_1.vasp,mace_runs/h_ads/mp-945_h111_t1__bridge_1,-346.45562744140625,mp-945_h111_t1,bridge_1
h_ads,mp-945_h111_t1__bridge_2,ads_structures/mp-945_h111_t1/bridge_2.vasp,mace_runs/h_ads/mp-945_h111_t1__bridge_2,-346.1818542480469,mp-945_h111_t1,bridge_2
h_ads,mp-945_h111_t1__bridge_3,ads_structures/mp-945_h111_t1/bridge_3.vasp,mace_runs/h_ads/mp-945_h111_t1__bridge_3,-346.4532165527344,mp-945_h111_t1,bridge_3
h_ads,mp-945_h111_t1__bridge_4,ads_structures/mp-945_h111_t1/bridge_4.vasp,mace_runs/h_ads/mp-945_h111_t1__bridge_4,-346.2671203613281,mp-945_h111_t1,bridge_4
h2_ref,H2_box,analysis/H2_box.vasp,mace_runs/h2_ref,-6.518487930297852,,
